name,text,notes
"Солнечная Анна","Люблю ранние завтраки, велопрогулки у реки и разговаривать о книгах без спешки. Ищу человека, который ценит маленькие радости.","тёплая и дружелюбная"
"Шутливый Илья","Делаю лучший борщ, могу спорить о сериале ""Офис"" и знаю сто шуток про котов. Напиши, если умеешь смеяться над собой.","с юмором"
"Общий шаблон","Люблю путешествовать, вкусно поесть и проводить выходные с друзьями. В активном поиске.","слишком общий"
"Требовательная Екатерина","Не трать моё время: без вредных привычек, высокий, с амбициями. Не пиши, если не готов развиваться.","слишком требовательная"
"Кринжовый Стас","Здесь по приколу 🤪 люблю трэш, ищу странностей, удиви меня или мимо.","кринж, много эмодзи"
"Минималист","Привет. Всё узнаешь при встрече.","слишком короткое"
"Баланс","Инженер из Санкт-Петербурга, обожаю готовить рамен, бегаю полумарафоны и ищу партнёра для спонтанных путешествий.","сбалансировано"
"Агрессивный Макс","Если не умеешь готовить и только сидишь в телефоне, пролистывай. Мне не нужны слабые.","агрессивно"
"Эмодзи Био","Люблю море!!! 🌊🌊🌊 Хочу найти того, кто будет радоваться жизни так же, как я!!! 😍✨","много восклицаний и эмодзи"
